Questions,Jeux
Pour combien deviendrais tu une pornstar ?,HotTruth
As tu deja  essaye de soudoyer un policier pour qu'il te retire une amende ?,MidTruth
As-tu deja  regarde un film porno du debut a  la fin?,HotTruth
Possedes-tu des amulettes ou porte-chance ?,MidTruth
Quel est ta serie peche mignon ? ,MidTruth
As-tu deja eu un reve erotique ou tu couchais avec toi meme ?,HotTruth
As-tu deja  eu un reve erotique avec une personne autour de la table?,HotTruth 
As-tu deja  fait un striptease ?,HotTruth 
Es-tu deja  passe a  la television ?,MidTruth 
Qu'aimerais tu dire au president si tu le rencontrais?,MidTruth 
Quel est ta plus grande peur ?,DeepTruth
Quel est ton pire cauchemar ?,DeepTruth
Raconter une anecdote de vacances en utilisant uniquement des onomatopees,DareAssis
Raconter une histoire de famille en utilisant uniquement des gestes,DareAssis
Decrire votre pire rencard en utilisant uniquement des emojis,DareAssis
Penses a  une personne et fais la deviner aux autres en utilisant seulement des bruits,DareAssis
Eteinds toutes les lumieres,DareDebout
Choisissez 2 joueurs qui doivent se faire un ca¢lin,DareAssis
Montrez tout ce qui est dans votre portefeuille,DareAssis
Changez de haut avec la personne a  votre droite,DareHot
Dites un discours funebre sur le joueur a  votre droite,DareAssis
Utilisez votre ligne de drague la plus ringarde sur le joueur a  votre gauche,DareHot
Fais un rap freestyle sur la personne en face de toi,DareAssis
Toute les personnes celibataire boivent a  leur vie amoureuse,MostLikely
Designez ensemble le joueur le plus a  meme de finir avec plus de chats que de conquete,MostLikely
Designez ensemble le joueur le plus indecis,MostLikely
Designez ensemble le joueur le plus la¢che,MostLikely
Bois avec des mains metal (auriculaire et index pointe),Rules
Vous devez vous asseoir sous la table comme le dechet ivre que vous etes,DareAssis
Touches le sol avec ton front ,DareDebout
Vous avez maintenant un vocabulaire d'un mot : Hodor,Rules
Votre boisson doit rester en contact permanent avec la table. Strictement pas de paille,Rules
Chaque fois que vous jurez vous devez vous asseoir sur les genoux de la personne a  votre gauche,Rules
Tu as 30 secondes pour aller te cacher quelque part. Une fois le temps ecoule tout le monde doit essayer deÂ te trouver et te cacher avec toi. La derniere personne a  trouver tout le monde doit finir son verre,DareDebout
La prochaine carte tiree affecte tout le monde dans le jeu,Rules
Remplacez votre tenue actuelle par quelque chose qui n'est pas un vetement,DareHot
Une autre personne peut etablir une regle que vous devez respecter,Rules
Vous devez avouer quelque chose que vous n'avez jamais fait. Si quelqu'un l'a fait il perd une vie. Chacun joueur commence avec trois vies qui peuvent etre montrees en levant autant de doigts. ,Competition
Chacun doit passer son verre a  la personne de gauche,DareAssis
Vous devez prendre une gorgee genereuse de chaque boisson qu'il y a sur la table,DareAssis
Vous pouvez ajouter ce que vous voulez a  la boisson de quelqu'un.,DareAssis
Vous devez construire et porter une nouvelle tenue en utilisant uniquement les vetements les plus scandaleux que vous trouvez,Competition
Chaque fois que vous touchez votre visage vous devez boire,Rules
Prenez un autre verre pour en avoir un dans chaque main. Toute regle qui vous concerne s'applique desormais en double.,Rules
Dessinez tout ce que vous voulez sur n'importe quelle partie cachee de quelqu'un.,DareAssis
Vous ne pouvez plus avoir de contact avec le sol,Rules
Vous n'etes plus autorise a  montrer vos dents lorsque vous riez,Rules
Le sens du jeu est inverse,Base
Quelqu'un doit etre designe pour verser votre boisson dans votre bouche chaque fois que vous avez soif,Rules
Vous ne devez parler que par phrases de trois mots,Rules
Vous devez commencer chaque phrase par« Ma maman dit»,Rules
Tout le monde doit te donner un vetement. Tu dois les mettre tous,DareAssis
Vous devez vous faire passer pour quelqu'un d'autre,DareAssis
Si quelqu'un a besoin d'une nouvelle boisson vous devez la lui procurer. Aucune exception,Rules
Tu dois tenir la main du plus jeune joueur,DareAssis
Tu ne dois repondre que lorsque les gens s'adressent a  toi en tant que M. Worldwide. Tu dois egalement parler de toi a  la troisieme personne. Tu dois egalement etre un grand connard,Rules
Tu dois seulement te deplacer a  genoux,Rules
Quand tu es pret.te croises les bras derriere de ta tete. Si quelqu'un le remarque il doit s'immobilise. Le dernier a  remarquer dois boire 2 gorgees,Competition
Tu dois parler avec un accent choisis par un autre joueur,Rules
Tu dois copier ton voisin de gauche pendant 2 tours,Rules
Repetes le dernier mot de chaque phrases. phrases,Rules
Quelqu'un donne un mot tu dois l'epeler,DareAssis
Tu dois complimenter quelq'un sincerement a  chaque fois que tu boisÂ ,Rules
Tu deviens Gilbert Montagne bande toi les yeux et si le coeur y est pousse la chansonette,DareAssis
Le dernier avec les deux bras lever boisÂ ,Competition
Tu peux toucher ton pied avec ton nez ? Leche le maintenant,DareAssis
Quel est la pire chose que tu peux trouver sur toi ? Montre le a  ton audience attentive,DareAssis
Montre nous ton meme preferes de tout les temps,DareAssis
Devine combien ton voisin a dans son compte en banque,DareAssis
Le 1er joueur a  faire une roue gagne,Competition
Le 1er joueur a  crier gagneÂ ,Competition
Joue a  pierre feuille ciseau avec le joueur en face de toi,DareAssis
Sauttez a  une jambe. Le premier qui utilises sa 2eme jambes perds,Competition
Le 1er joueur qui touche une porte gagne,Competition
Je n'ai jamais envoyer un sexto a  la mauvaise personne,NeverHaveIEver
Je n'ai jamais eu de coup d'un soir,NeverHaveIEver
Donne 3 raisons de ne laisser qu'une feuille de papier-toilette,Juduku
Trouve 3 Raisons de preferer les bad bitch aux intellos ,Juduku
Imagine 3 choses que tu ferais si tu n'avais plus qu'une journee a  vivre,Juduku
Danse 3 danses ridicules a  faire pendant un mariage,Juduku
Cite 3 raisons d'aller aux toilettes au bureau,Juduku
Cite 3 faa§ons d'obtenir plus de likes sur Instagram,Juduku
cite 3 choses humiliantes en public,Juduku
Cite 3 prenoms de mecs infrequentables,Juduku
Cite 3 parties de ton corps que tu pourrais pour 1 millions d'euros,Juduku
Nomme 3 choses sur lesquelles tu aime t'assoir,Juduku
"Complete de 3 faa§ons : "" je voudrais tellement pouvoir payer mon loyer avec ...""",Juduku
Donne 3 celebrites avec qui tu aimerais couher meme si elles te filent un herpes,Juduku
Nomme 3 trucs ou les chiens sont meilleurs que les humains,Juduku
Cite 3 endroits ou mettre une saucisse,Juduku
Cite les 3 pires signes astrologiques,Juduku
Donne 3 raisons de devenir realisateur de film porno,Juduku
Cite 3 choses que tu ferais si tu etais courageux,Juduku
Cite 3 attitudes de Biatch,Juduku
Ta reaction devant un test de grossesse positif -Mime,DareAssis
 Les burgers Mc Do - tout les joueurs repondent a  tour de ra´le. Le dernier remporte la manche ,Competition
Boire un verre d'eau et le garde en bouche pendant un tour complet ,DareAssis
 Es-tu deja  parti.e sans payer l'addition ?,MidTruth
Re-pioche une carte et obligation d'y repondre sans vulgarite ,Rules
Quel etait ton cartoon prefere quand tu etais enfant ?,MidTruth
Nommes toute les drogues que tu as utilises,DeepTruth
"Quel genre de saoul es tu ? Heureux, triste, amoureux, ennuyeux ou violent ?",DeepTruth
Que penses tu de rester vierge jusqu'au mariage ?,MidTruth
Est ce que tu t'es deja  baigne nu ?,HotTruth
"Si tu gagne 1000e aujourd'hui, comment le depenserais tu ?",MidTruth
Qu'est-ce que tu aimes le plus chez moi ?,MidTruth
Quelle est ma manie la plus bizarre ?,MidTruth
Est-ce que tu trouves que j'ai beaucoup change depuis qu'on se connait ?,DeepTruth
Est-ce que tu es la  ou tu voulais etre il y a 5 ans de cela ?,DeepTruth
Quand as-tu pleure pour la derniere fois ?,DeepTruth
"Si on ne devait plus jamais se revoir, qu'est-ce que tu voudrais me dire la  tout de suite ?",DeepTruth
Quel creature etinte serait un pure cauchemare pour les humains si il existait encore ?,MidTruth
Quel est une chose que tu es content d'avoir tente mais que tu ne feras probablement pas ?,MidTruth
Quel est une chose ou une personne que tu ne pardonneras jamais ?Â ,DeepTruth
les 5 meilleurs moments de ta vie ?,DeepTruth
Quel est la chose la plus bizarre que tu es fait au lycee ?,MidTruth
Quel etait ton premier mot ?,MidTruth
As tu deja  confondu avec quelqu'un d'autre ? Raconte,MidTruth
Bravo Tu es tout pouvoir pour une semaine. Comment tu changes le monde ?,MidTruth
Quels musiques devraient etre dans toute les playlists qui existent ?,MidTruth
Quel est ton drapeau preferes ?,MidTruth
Quel et ton pays prefere ?,MidTruth
Quel est le pire repas que tu n'as jamais eu ?,MidTruth
Quel est une chose auquel tu es encore enerve a  propos des annees apres ?,DeepTruth
Quels sont les odeurs qui te rapellent ton enfance ?,MidTruth
Quels sont les cliches a  la tele qui ont ete trop utilises ?,MidTruth
Quels sont les choses qui t'enerve dans les films ?,MidTruth
Quel est ta phrases preferes / ton slogan ?,MidTruth
Qu'est ce qui devient pire le plus gros il devient ?Â ,MidTruth
Quel est sans aucune hesitation la pire maniere de remercier quelqu'un ?,MidTruth
Dans l'apres vie tu peux espionner les personnes sur terre qui ou quoi est-ce que tu ferasÂ attention a  ?,MidTruth
Qu'est ce qui pourrais etre dit autant a  un enterement qu'a  une partie deÂ jambe en l'air ?,MidTruth
Quel conseil donnerais tu as version plus jeune de toi ?Â ,DeepTruth
A tu deja  eu des experiences paranormal ?,MidTruth
Quel est l'une des choses les plus memorable que tu es vus sur internet ?,MidTruth
Quel film est magique pour toi ?,MidTruth
Qu'est ce qui sociallement acceptable dan les sims mais pas dans la vie reelle ?,MidTruth
Quel est la personne la plus connu que tu connais ?,MidTruth
Quel sera ton epitaphe ?,MidTruth
Quel est un fait qui te rend vieux ?,MidTruth
Quel serait la pire personne pour etre president ?,MidTruth
Quel est le meilleur 'life hack' que tu connais ?,MidTruth
Si tu pouvais creer un nouveau goa»t de glace quel serait-il (a§a peut etre n'importe quoi) ?,MidTruth
Si tu pouvais vivre dans l'univers que tu veux (livre show/ filmâ€¦) lequel choisirais tu ?,MidTruth
Quel produit de fast food devrait etre ramene ?,MidTruth
Quel est un fait interessant sur toi ?,MidTruth
Dans quel phase bizarre de ta vie et tu en ce moment ?Â ,DeepTruth
Quel lyrics de chanson sont super catchy mais de tres mauvais conseil ?,MidTruth
Tu recevras 1 millions e si tu arrives a  rester reveille pendant 4 nuits comment fais tu ?,MidTruth
Mehfer est l'enfer mais il y fait 30Â°c et tes chaussettes sont toujours un peu mouille. Qu'est ce qu'on y trouves aussi ? ,MidTruth
Quel etait ton dessin anime prefere quand tu etais petit/te ?,MidTruth
 Quel est le groupe de musique que tu aimerais plus connu ?,MidTruth
 Quel est l'opinion que tu assumeras jusqu'a  ta mort ?Â  ,DeepTruth
 Quel est le film meriterais une suite ?Â  ,MidTruth
 A quoi penses tu que les aliens ressemblent ?Â  ,MidTruth
 Quel est une opinion controverse que tu as ?,DeepTruth
 Quels sont tes reves les fous ?,MidTruth
 Est - ce que tu aime la personne que tu es en train de devenir ?,DeepTruth
 Si tu pouvais te laisser un avis qu'est ce qu'il dirait ?,MidTruth
 Quel est la derniere fois que tu t'es vraiment ammuse ?,MidTruth
 Raconte la premiere fois que tu as picole,MidTruth
 Est ce que tu sacrifirais ta vie pour quelqu'un ?,DeepTruth
 Quel est une chose que tu aimerais ne plus entendre parler ?,MidTruth
 Quel est une chose que tu apprecie a  propos de toi ?,DeepTruth
 Est ce que tu penses quand ton ex a une bonne opinion de toi ?,DeepTruth
 Dans ton opinion a  quoi pourrait ressembler l'apocalypse ?Â ,MidTruth
 Quel est un sujet que tu aimerais que plus de personne parle de ?,MidTruth
 Qu'est ce que tu voudrais changer a  propos de toi?,DeepTruth
 Quel est ton mensonge prefere pour eviter des plans ?,MidTruth
 Quel stereotype incarne tu ?,DeepTruth
 SI tu avais l'option de devenir immortel le ferais tu ?,MidTruth
 Qu'est ce qui te degoutes et pourquoi ?Â ,MidTruth
 Qui est ton crush le plus questionnable ?,HotTruth
 Est-ce que tu trouverais a§a ok de voler dans un grands supermarche ?Â ,MidTruth
Quel est une chose que tu es content d'avoir tente mais que tu ne feras probablement pas ?Â  Â ,MidTruth
Est ce que tu parles dans tes reves? Si oui : quel est la chose la plus bizarre qui tu es dites ? ,MidTruth
Si tu pouvais changer un aspect physique de toi meme que changerais tu ? ,DeepTruth
Que donnerais tu pour pouvoir changer ton plus gros complexe ? ,DeepTruth
Quel est le plus belle endroit que tu es visite ? ,MidTruth
Accepterais-tu une mission pour coloniser une nouvelle planete si cela signifiait que tu ne reverrais jamais la Terre ? ,MidTruth
Peut-on se passer de plastique ?Â  ,Debat
Peut-on se passer de dipla´mes ? ,Debat
qu'est ce qu'un enseignant 'exemplaire' ? ,Debat
L'enseignement superieur est-il une fabrique des inegalites ?Â  ,Debat
Est ce que detruire la memoire est une arme de guerre ?Â  ,Debat
Faudrait - il un sherif pour civiliser internet ?Â  ,Debat
La fin justifie-t-elle les moyens ?Â  ,Debat
Peut-on produire sans detruire ?Â  ,Debat
Jusqu'ou doit t'on tolerer la liberte d'expresion ?Â  ,Debat
La democratie est-elle armee pour affronter le peril ecologique ?Â  ,Debat
Peut-il y avoir des hommes feministes ?Â  ,Debat
La non-violence est -elle une amre efficace ?Â  ,Debat
Qui doit sauver les migrants en Mediterranee ?Â  ,Debat
La desobeissance civile est elle une vertu democratique ?Â  ,Debat
Le militantisme a  l'universite pose-t-il probleme ?Â  ,Debat
Doit-on peut-on reparer l'esclavage ?Â  ,Debat
Editer ou ne pas editer les livres polemiques ? (Main Kampf le petit livre rouge...)Â  ,Debat
A quelles conditions une nation peut elle purger son passe ?Â  ,Debat
Comment la guerre du futur sera ?Â  ,Debat
l'ecole peut elle sauver la democratie ?Â  ,Debat
Est que les musees devraient retournes les oeuvres qui ont etaient voles ?Â  ,Debat
L'ouverture des archives menace-t-elle la sa»rete de l'Etat ?Â  ,Debat
La tech est - elle doucement despotique ?Â  ,Debat
Faut il ecouter un enfant comme Greta Thunberg ?Â  ,Debat
Faut il s'inquieter de l'unifomisation ?Â  ,Debat
A ton besoin d'heros ?Â  ,Debat
Qu'est ce qu'une bonne fin ?Â  ,Debat
Qu'est ce qu'un ami ?Â  ,Debat
Qu'est ce qui fait partie des traditions de ta famille ?Â  ,Debat
Pourquoi sommes nous fascines par les stars ?Â  ,Debat
Qu'est ce qui est essentiel ?Â  ,Debat
Pourquoi on aime detester ?Â  ,Debat
Est ce que l'enfer est les autres ?Â  ,Debat
Faut il sortir de sa zone de confort ?Â  ,Debat
Les ecrivains sont-ils responsables de ce qu'ils ecrivent ?Â  ,Debat
Est ce que le nucleaire est une bonne option pour produire de l'energie verte ?Â  ,Debat
Est ce que l'on devrait mettre plus d'impa´t sur les riches ?Â  ,Debat
Est ce que l'on peut faire des caricatures sur n'importe qui ?Â  ,Debat
A quel moment faut-il s'inquieter pour sa liberte ?Â  ,Debat
Est ce que les rechercheurs/universitaires devrait pouvoir etudier ce qu'ils veulent ?Â  ,Debat
Vu ce qui se passe en ce moment quels sera le futur qui nous attends d'apres toi ?Â  ,Debat
Que penses tu du port du hijab ?Â  ,Debat
Est ce qu'une femme voilee peut etre feministe ?Â  ,Debat
La laa¯cite tolere t elle la nuance ? ,Debat
Pour ou contre le pass sanitaire ?Â  ,Debat
Penses tu qu'il est moral de placer les personnes a¢gees dans une maison de retraite ?Â  ,Debat
Aimerais tu travailler avec des enfants ?Â  ,MidTruth
Quel est ton livre prefere ? ,MidTruth
Pour ou contre l'interdiction de fumer dans les lieux publics ?Â  ,Debat
Quelles est ton type de vacances preferez : les vacances actives ou celles ou l'on ne fait rien ?Â  ,MidTruth
Aimerais tu adopter un animal exotique (serpents gecko... ) ?Â  ,MidTruth
Penses tu que trier ses dechets a  un impact consequent sur l'ecologie ?Â  ,Debat
Etes vous pour ou contre le fait d'avoir des animaux domestiques ?Â  ,Debat
Penses tu qu'internet presente plus de risques que d'avantages ? ,Debat
Penses tu que les medecines naturelles ont une reelle efficacite ?Â  ,Debat
Prefererais tu mesurer 4metres ou 50 centimetre ? ,MidTruth
Peut on privatiser la nature ?Â  ,Debat
Les personnes moins seduisantes developpent-elles en general une meilleure personnalite que les personnes seduisantes ?Â  ,Debat
pensez vous qu'il faut criminaliser la prostitution ?Â  ,Debat
Si tu te retrouvais sur une a®le deserte avec 2 objets lesquelles prendrais tu ?Â ,MidTruth
As tu une addresse electronique que tu n'utilises que de faa§on anonyme ?Â ,MidTruth
Que choisirais tu : l'immortalite ou la richesse infinie ?Â ,MidTruth
Es tu toujours en contact avec ton premier amour ?Â ,DeepTruth
Tu penses que le meilleure moment de ta vie est dans le passe le present ou dans le futur ?,DeepTruth
Quelle est selon toi la plus grosse difference entre les hommes et les femmes,Debat
Si tu pouvais reinventer le systeme economique que ferais tu ?Â ,Debat
Si tu pouvais reinventer le systeme scolaire que ferais tu ?Â ,Debat
Faut il interdire les cigarettes et en rendre le commerce illegal pour sauver des vieset les generations futures ?Â ,Debat
Doit on permettre a  une personne de leguer tout son argent a  un animal domestique ?Â ,Debat
Avec quelle personne ne feriez vous jamais l'amour meme si vous etiez les deux derniers sur terre ?,HotTruth
Quand tu reflechirias sur ta vie d'ici quelques d'annees quel sera d'apres toi ton plus grand regret ?Â ,DeepTruth
Est ce que tu as vole dans un magasin ?Â ,MidTruth
Quel est la chose la plus horrible que tu es vu.e ?,DeepTruth
Quel estle film (non porno) qui quand quelqu'un te dis qu'il/elle aime remets enquestion tous ce que tu pensais de lui/ elle ?,MidTruth
Quel est le signe qu'un film va etre bien ?Â ,MidTruth
Quand tu es allonge.e dans ton lit est ce que tu te souviens par hasard d'une minuscule erreur social ou de mot mal choisis que tu as fais/dis il y a de annees ?Â  Raconte - leÂ ,MidTruth
Tu descends en enfer mais pas parce que tu es punis. Tu es la punition. Que fais tu pour punir le plus de personne possible ?Â ,MidTruth
Quel est l'une des pires choses que tu peux faire avec peu de consequences ?Â ,MidTruth
Quel est le liquide le moins desalterant ?Â ,MidTruth
Quel est une chose que tu detestais mais que tu aimes maintenant ?Â ,MidTruth
Quel est une chose que tu as vraiment envie de faire mais que tu ne feras jamais ?Â ,MidTruth
Si tu devais choisir la playlist de tes funerals quel sera la chanson que tu choisirras pour ta derniere fois ?Â ,MidTruth
Quel etais la chose bete dont tu avais peur quand tu etais un enfant ?Â ,MidTruth
Quelleest la reference obscure qui est reconnaissable instentannement par les avertis ?Â ,MidTruth
Qu'est ce que t'on historique revele sur toi ?Â ,MidTruth
As-tu deja  ete ivre ou defonce et eu cette idee vraiment incroyable mais ensuite devenu sobre etÂ realise que ce n'etait pas aussi incroyable queÂ  a§a? Si oui quelle etait l'idee ?Â ,MidTruth
Te sens tu normaux?Â ,DeepTruth
Je n'ai jamais eudier a  l'etranger et a§a a 'totalement change ma vie'.Â ,NeverHaveIEver
Je n'ai jamais ete sur une montagne russe avec un looping.Â ,NeverHaveIEver
Je n'ai jamais jeter quelque chose par la fenetre d'une voiture.Â ,NeverHaveIEver
Je n'ai jamais creer un faux compte sur un reseau social.,NeverHaveIEver
Je n'ai jamais eu appele la police sur quelqu'un.Â ,NeverHaveIEver
Je n'ai jamais utilise une salle de bain sans lumiere.Â ,NeverHaveIEver
Je n'ai jamais fumeÂ ,NeverHaveIEver
Je n'ai jamais ete coince dans un ascenseur.Â ,NeverHaveIEver
Je n'ai jamais eu de carrieÂ ,NeverHaveIEver
Je n'ai jamais ete sur une croisiereÂ ,NeverHaveIEver
Je n'ai jamais ete dans un avionÂ ,NeverHaveIEver
Prefereriez-vous tuer quelqu'un et l'oublier completement ou etre innocent mais etre persuade du contraire ?Â ,WouldYouRather
Preferez-vous etre naa¯f ou complotiste ?,WouldYouRather
Dans une relation tu preferes avoir la meme morale ou motivation avec ton.a partenaire ?,WouldYouRather
Apres ta mort prefererais tu re-vivre ta vie ou vivre celle de quelqu'un d'autre ?Â ,WouldYouRather
Tu preferes ga¢cher du temps ou de l'argent ?Â ,WouldYouRather
Tupreferes etre capable d'entendre les penser des autres (sans pouvoir les filtrer ou les faire taire) ou que les autres puissent entendre tes paroles?Â ,WouldYouRather
Tu preferes savoir quand quelqu'un ment ou pouvoir mentir sans te faire prendre ?,WouldYouRather
Tu preferes etre un chef de culte ou etre un membre ?Â ,WouldYouRather
Tu preferes predire l'avenirÂ  jour a  l'avance avec 100% de precision ou un an a  l'avance avec 50% de precision ?Â ,WouldYouRather
Tu preferes parler couramment toute les langues humaines ou celle animal ?Â ,WouldYouRather
Je n'ai jamais questionne ma sexualite.Â ,NeverHaveIEver
Je n'ai jamais fait une bad trip.,NeverHaveIEver
Je n'ai jamais eu un gros crush sur un personnage fictionnel.Â ,NeverHaveIEver
Je n'ai jamais fait une decision importante d'apres mon horoscope.,NeverHaveIEver
Je ne suis jamais tombe amoureux.se avec un regard.Â ,NeverHaveIEver
Je n'ai jamais de coup de foudreÂ ,NeverHaveIEver
Je n'ai jamais donne un mauvais conseils a  quelqu'un expres.Â ,NeverHaveIEver
Je n'ai jamais retourne un objet apres l'avoir porte.Â ,NeverHaveIEver
Tu preferes vivre maintenant a  l'heure des reseaux sociaux ou maintenant?,WouldYouRather
Tu preferes savoir quand ou comment tu vas mourir ?,WouldYouRather
Si tu etais envoyer en prison pour quel crime serais tu punis pour ?Â ,MidTruth
Quel est la premiere impression que tu as eu sur la personne a  ta droite ?Â ,MidTruth
Quel est la chose la plus stupide que tu n'es jamais fait ?Â Â ,MidTruth
Quel est le joueur qui rentreras dans l'histoire ?Â ,MidTruth
Quel dicton populaire tu ne comprends pas ?Â ,MidTruth
Quel est la passion que tu ne comprendras jamais ?Â ,MidTruth
Si l'immeuble etait en feu dans quel ordre sauveras tu les personnes dans cette piece ?Â ,MidTruth
Quel est un moment dans ta vie que tu n'oublieras pas ?Â ,DeepTruth
De quoi es tu reconnaissant.e ?Â ,DeepTruth
Quel est une chose rigolote qui t'es arrive.e ?Â ,MidTruth
Quel est quelque choses qui t'impressionnes ?Â ,MidTruth
Quel est ton sujet de conversation preferes ?Â ,MidTruth
Quel est le plus beau son de ce monde ?Â ,MidTruth
Quels sont tes talents ou competence que tu as toujours voulu ? Et pourquoi ?Â ,MidTruth
Quelle a ete votre plus grande reussite jusqu'a  present ?Â ,DeepTruth
Quels sont vos espoirs pour ce que l'avenir vous reserve ?,DeepTruth
Quel est une chose que tu fais differement que tout les autres ?,MidTruth
Quel est une chose pour laquel tu aimerais que l'on te souvient comme ?Â ,DeepTruth
Quel est une chose que tu es en train d'apprendre sur la vie ?Â ,DeepTruth
Quel le trait de personnalite que tu trouves insuportable chez les autres ?Â ,MidTruth
Qu'est ce qui te retiens de faire ce que tu a  envie de faire ?Â ,DeepTruth
Quel etais l'evenement phare de ta semaine jusqu'a  maintenant ?Â ,MidTruth
Quel est la chose la plus bizarre que tu n'es jamais mange ?,MidTruth
Quel est la chose la plus aventureuse que tu n'ai jamais fait ?Â ,MidTruth
Quel est une chose que tu veux accomplir dans ta vie ?Â ,DeepTruth
Que penses tu de ton genre (Homme ou femme) ?Â ,DeepTruth
Si il te restait 24 heures a  vivre que ferais tu ?Â ,DeepTruth
Comment vas tu vraiment ?Â ,DeepTruth
Quel a etait la derniere fois que tu es mentis ? Pourquoi ?Â ,MidTruth
Quel est la premiere chose auquel tu penses quand tu te reveille ?Â ,MidTruth
Quel est une idee que tu crois profondement en ?,DeepTruth
Quel est ton but que tu aimerais accomplir cette annee ?,DeepTruth
Qu'est ce qui est difficile pour toi maintenant mais qui etais facile quand tu etais enfant ?Â ,MidTruth
Est ce que tu te mens a  toi meme sur quelque chose ?Â ,DeepTruth
Pour ton anniversaire qui veux tu choisir comme ton magicien ?Â ,MostLikely
Qui est le plus en mesure de se retrouver dans 'secret story' ?Â ,WouldYouRather
Qui vois tu marier dans 5 ans ?Â ,WouldYouRather
Qui est le.a plus dramatique du groupe ?Â ,WouldYouRather
Qui est la personne la plus a  meme de porter les memes sous vetements plusieurs jours d'affiles?,WouldYouRather
Qui est le meilleur aux interviews ?Â ,WouldYouRather
Qui pense tu a  pleurer devant 'Bambi' ?Â ,WouldYouRather
Qui penses-tu fait secretement dans la CIA ?Â ,WouldYouRather
Qui fait le plus attention a  sa presence de media sociaux ?Â ,WouldYouRather
Qui probablement etais choisi.e dernier en classe de sport ?Â ,WouldYouRather
Qui dans cette salle est le plus a meme d'aller parler au manager ?Â ,WouldYouRather
Qui dans cette salle a brisee le plus de loi selon toi ?Â Â ,WouldYouRather
Quel est la chambre la plus derangee dans le groupe en ce moment ?Â ,MidTruth
Quelle est ta pire habitude ?Â ,DeepTruth
Quel est une raison superficiel de mettre un vent apres une premiere date ?Â Â ,MidTruth
Qui est la personne autour de toi qui parlera pendant tout le film ?Â Â ,MostLikely
Qui est la personne dans le groupe le plus a meme de se marie a  Vegas sur un coup de tete ?Â ,MostLikely
Qui autour de toi est le plus a  meme de ne rien commander tout en volant tes frites ?Â ,MostLikely
Qui autour de toi devient sentimental quand il a pris de la bouteille?Â ,MostLikely
Qui penses tu mets de l'alcool dans son coffee du matin sans le dire a  personne ?Â ,MostLikely
Qui penses tu vas faire un blackout dans le before ?,MostLikely
Qui penses tu as gueule plus de coup d'un soir ?Â ,MostLikely
Quel est ton snack prefere au cinema ?Â ,MidTruth
Quelle quantite d'alcool faut il boire chaque jour pour etre considere comme un alcoolique ?Â ,MidTruth
Est ce que le bonheur est accessible a  tous ?Â ,Debat
Est ce que notre maniere d'aimer est determine par la maniere dont on a ete aime ?Â ,Debat
Est ce que tes avis politiquement correct sont motives par empathie ou jugement ?Â ,Debat
CommentÂ decrirais tu le bonheur ?Â ,Debat
Quel est le sens de la vie ?Â ,Debat
Quand est ce que tromper est ok ?Â ,Debat
Est ce que la nature humaine de l'homme est de creer ou de detruire ?Â ,Debat
Quand est-ce qu'avoir un type en dating devient 'etique' ? ,Debat
Est ce que les humains sont plus important que les plantes ?Â ,Debat
Tu dois avouer une chose qu'au moins la moitie des joueurs ne savent pasÂ ,DareAssis
Tu viens de mourir et te retrouve devant dieux. Tu peux lui poser une question qui seras reponduÂ avec 100% de verite quel est ta question ?Â ,MidTruth
Qu'est ce qui t'as fait le plus rire ?,MidTruth
Si tu pouvais comment renommerais tu la Terre ?Â ,MidTruth
Quel est la chose la plus petite que tu es fait pour te venger ?Â ,MidTruth
Quel objet donnerais-tu as une civilisation primitive qui accelererais sont developpement?Â ,MidTruth
Si tu devais faire passer une loi laquelle serait elle ?Â ,MidTruth
Quel chose extremement immature que tu n'arretras pas de faire ?Â ,MidTruth
Qu'est ce que les petits vieux se plaindrons en 2070 ?,MidTruth
Qu'est ce qui constitue un jour parfais pour toi ?Â ,MidTruth
Quel seras ton dernier mot ?Â ,MidTruth
Quel est la chose qui est le plus pres de la magie dans la vie reelle ?Â ,MidTruth
Tu es maintenant un professeur dans l'universite des super villains. Quel cours enseigne tu ?Â ,MidTruth
Quel est une chose qui te rends melancolique le plus tu vieillis ?Â ,DeepTruth
Quel est le meilleure cadeau que tu aies rea§u ?Â ,MidTruth
Quel est le pire cadeau que tu es rea§u ?Â ,MidTruth
Quel est le meilleur compliment que tu es rea§u ?Â ,MidTruth
Quel compliment n'aimes tu pas recevoir ?Â ,MidTruth
Qu'est ce qui ne te manques pas des annees 2010?,MidTruth
Quel est ton mot prefere ?,MidTruth
Quel est le film le plus derangeant que tu as vu ?,MidTruth
Quel est le pire film que tu es vu ?Â ,MidTruth
Quel musique sera toujours dans ton coeur quelque soit ton a¢ge ?Â ,MidTruth
Tu as rea§u 100 000e pour mettre le plus le bordel que fais tu ?Â ,MidTruth
Qu'est ce qui te donne une sensation confortable ?Â ,MidTruth
Quel jeux videos tu es inpatient qu'ils sortent ?Â ,MidTruth
Tu es coince dans le dernier reves que tu as eu. A quel point tu es dans la merde ?Â ,MidTruth
Dans 1000 ans quelqu'un fait une partie de RPG sur le 21eme siecle. Quel est ta classe ?Â ,MidTruth
Quel est l'objet le plus important que tu possedes ?Â ,MidTruth
Qu'est ce qui est bon quand a§a rentre mais difficile quand a§a sert ?Â ,MidTruth
Quel nourriture a tu envie maintenant ?,MidTruth
Tu viens d'arriver en enfer qui est ton guide ?Â ,MidTruth
Quel est un trait de personnalite qui est attirant pour toi ?Â ,MidTruth
Qu'est ce qui parraa®t plus facile qui en l'air ?Â ,MidTruth
A quel film donnerais tu un 10/10 ?,MidTruth
Sur quel jeu a tu passe le plus de temps ?Â ,MidTruth
Quel est ton crush celebrite?Â ,HotTruth
Est ce que tu quitterais ton travail/ tes etudes pour 100 000e ? Pourquoi /pas ?,MidTruth
Quel est la chose la plus bizarre qu'un professeur de ton ecole est fait ?,MidTruth
Quel titre de film est encore mieux si tu ajoutes 'dans mon cul' a  la fin ?Â ,MidTruth
Quel est la chose la plus inutile que tu possedes ?Â ,MidTruth
Tu es le pire psychologue de couple quel est ton meilleur conseils ?Â ,MidTruth
Quel est quelque chose de populaire que tu detestes?Â ,MidTruth
Quel film des annees 80 a bien vieilli ? ,MidTruth
Qu'est ce qui temet en colere sans raison ?Â ,MidTruth
Si tu devais donner un ordre qu'a  chaque humain doit suivre quel serait-il?,MidTruth
Quel film qui est publiquement acclame que tu deteste profondement ?Â ,MidTruth
Quel est la pire maniere de retirer ses poils ?Â ,MidTruth
Quand est ce que tu as chante pour toi pour la derniere fois ?Â ,MidTruth
Qu'est ce qui peut etre dit quand tu baises et aussi pendant un combat de couteau ?Â ,HotTruth
Qu'est ce qui peut etre dit quand tu baises et aussi a  un repas de famille ?Â ,HotTruth
Quel est le pire a¢ge ?Â ,MidTruth
Quel est quelque chose qui est mignon quand tu es un enfant mais bizarre adulte ?Â ,MidTruth
Qu'est ce que tu trouves insuportable quand tu dois passer un appel ?Â ,MidTruth
Comment aimerais tu etre celebre/connu ?Â ,MidTruth
Veux tu faire de la chirurgie esthetique (tout frais payer avec 100% de reussite) ?,MidTruth
Si tu avais unclone que ferais tu ?Â ,MidTruth
Y-a-t-il un culte qui a pour toi de tres bons arguments ?Â ,MidTruth
Comment depenserais tu t'on argent si tu avais 1 millions e ?Â ,MidTruth
Avec qui tu aimerais te reconcillier ?Â ,MidTruth
Quel est la personne du groupe qui a le plus de chance de finir en prison ?Â ,MostLikely
Si tu etais president quel serais tes actions ?Â ,MidTruth
Nomme une chose pour laquelle tu pourrais aller au pays ?Â ,MidTruth
Qu'est ce que tu aimerais apprendre ou essayer ?Â ,MidTruth
Quel sont tes complexes ?Â ,DeepTruth
Quelle est la chose la plus folle que tu es faites par amour ?Â ,HotTruth
Tu peux ecouter une musique avant que tu meurs quel serait-elle ?Â ,MidTruth
Quel est la chose la plus plaisante (non sexuel non drogue) qu'un humain peut vivre ?Â ,MidTruth
Quel personnage de fiction tu es heureux qu'il n'existe pas ?Â ,MidTruth
Qu'est ce qu'est l'enfer pour toi ?Â ,DeepTruth
Qu'est ce que le paradis pour toi ?Â ,DeepTruth
Comment vois tu la vie apres la mort ?Â ,DeepTruth
Qu'est ce qui te tuerais de honte ?Â ,MidTruth
Quel est ton obsessions du moment ?Â ,MidTruth
Ou te vois tu dans 20 ans ?Â ,MidTruth
Que serais tu capable de faire pour avoir ta carriere de reve ?Â ,MidTruth
Que ferais tu si tu etais invisible ?Â ,MidTruth
Si tu etais ne au moyen a¢ge que serais tu devenu ?Â ,MidTruth
Comment aneantirais tu ton pire ennemie ?,MidTruth
Terappelle tu d'une chose sur le web/electronique qui est aujourd'hui obsolete?Â ,MidTruth
Quelle est ta peur la plus profonde et la plus sombre ?Â ,DeepTruth
Quel est la meilleure chose qui t'es arrive ce mois-ci ?Â ,MidTruth
Quandvous etiez enfant quel ete ton metier de reve ?Â ,MidTruth
Si tu etais le descendant d'un tortionnaire (ex:hitler) est ce que tu decideras de ne pas avoirÂ d'enfant pour stopper sa linee ?Â ,MidTruth
Quel BO illustre le mieux ta vie ?Â ,MidTruth
Mordille l'oreille de ton voisin ,DareHot
Fais un massage a  la personne en face de toi,DareHot
Qui sera marie avant 4 ans ?,MostLikely
Combien de positions maa®trises-tu?,HotTruth
As-tu deja  fait un strip poker ?,HotTruth
Pour combien danses tu nu maintenant tout de suite ? ,HotTruth
As-tu deja  envoye des nudes ?,HotTruth
Combien de nudes penses-tu que ton voisin as envoye ?,HotTruth
Es-tu une personne jalouse?,MidTruth
Quel est ton record de temps au lit ?,MidTruth
Quel sont tes lieux preferes pour tes plaisirs onaniques ?,HotTruth
Quel est le secret le plus derangeant que tu as decouvert sur une personne proche de toi ? ,DeepTruth
Quel est ton turn off immediat ? ,HotTruth
Quel est ton instant turn on ? ,HotTruth
Quelle est la chose la plus tordue que vous ayez vue faire a  un ami ?,MidTruth
Quel est un trait de personnalite qui rends une personne instantanement glauque ? ,MidTruth
Quel est une regle que tu t'imposes pour un premier rencard ? ,HotTruth
A quel point le sexe est important dans une relation pour toi ? ,HotTruth
Pourrais tu sortir avec quelqu'un qui avait une libido oppose a  la tienne ? ,HotTruth
Avec quel genre de personne ne pourrais tu jamais sortir ? ,HotTruth
Est ce que la beaute est importante quand tu dates ? ,HotTruth
Est ce que le handicape est un frein pour que tu sortes avec une personne ? ,HotTruth
Pourrais tu sortir avec une personne trans ? ,HotTruth
Quel vilain de fiction te turn on immediatement ? ,HotTruth
Quel a ete la fois ou tu as ete le plus bourre ? ,MidTruth
Pizza or Burger ,Competition
Quel est ton hobby prefere ? ,MidTruth
Toute les personnes qui ont des lunettes boivent,Rules
Tout le monde t'offres leur verre. Choisissant un et bois le ,DareAssis
Les personnes qui ont un chien boivent ,Rules
Je ne me suis jamais pris un rateau ,NeverHaveIEver
Je n'ai jamais essaye de faire un ca¢lin avec un coup d'un soir et mettre fais reffuser ,NeverHaveIEver
Je n'ai jamais experimenter avec l'anal ,NeverHaveIEver
Je ne me suis jamais fait chier pendant une partie de jambe en l'air,NeverHaveIEver
Est ce que tu t'es deja  ennuye pendant un coup d'un soir ? ,HotTruth
Le plus a  meme d'etre dans un groupe ,MostLikely
Qui est la personne qui brisera le plus de coeur ? ,MostLikely
Qui est la personne qui possede au moins un compte premium pornhub ? ,MostLikely
Qui est la personne qui donne des surnom le plus facilement ? ,MostLikely
Qui est la personne la plus depensiere ? ,MostLikely
Qui est le plus a  meme de mentir pour ne pas aller au travail ? ,MostLikely
Qui est celui qui mourra le premier? ,MostLikely
Qui est la personne la plus suceptible d'etre une porn star ? ,MostLikely
Qui est la folle au chat du groupe ? ,MostLikely
Qui est la personne la plus prude ici ? ,MostLikely
Qui est la personne la plus suceptible d'avoir une promotion canape ? ,MostLikely
Qui est le personne qui se douche le moins ? ,MostLikely
Qui est la personne la plus suceptible d'etre moderateur sur un forum de jeux videos ? ,MostLikely
As-tu deja  paye pour du porno ? ,HotTruth
A quel a¢ge penses tu que tu vas mourir ? ,DeepTruth
Qui est la personne qui se ferait le plus facilement raquetter ,MostLikely
Qui est la personne qui pleure quand elle regarde un film d'amour ? ,MostLikely
Qui est la personne la plus suceptible de tomber enceinte d'un coup d'un soir et de garder l'enfant ? ,MostLikely
Qui est le plus susceptible de filmer son partenaire lors d'un rapport sexuel a  son insu ?,MostLikely
Qui est le plus susceptible de peter en public ?,MostLikely
Qui est le plus susceptible d'aimer l'analite ?,MostLikely
Qui est le plus susceptible de sortir avec quelqu'un qui a des enfants ?,MostLikely
Qui est le plus susceptible d'avoir des relations sexuelles avec un collegue de travail ?,MostLikely
Qui est le plus susceptible de s'offrir un cadeau d'anniversaire coa»teux ?,MostLikely
Qui est le plus susceptible de ne pas pouvoir passer une journee sans Internet ?,MostLikely
Qui est le plus susceptible de nettoyer les toilettes jusqu'a  la fin de ses jours ?,MostLikely
Qui a le plus de chances d'avoir le QI le plus bas ?,MostLikely
Qui a le plus de chances de ne jamais etre invite a  une fete d'anniversaire ?,MostLikely
Qui a le plus de chances d'epouser une personne a¢gee et riche pour son argent ?,MostLikely
Qui a le plus de chances d'esperer s'envoyer en l'air aujourd'hui ?,MostLikely
Qui a le plus de chances d'entendre des voix dans sa tete ?,MostLikely
Qui est le plus susceptible d'etre un terrible vice-president ?,MostLikely
Qui a le plus de chances de devenir chroniqueur de ragots ?,MostLikely
Qui a le plus de chances de ne recevoir aucun cadeau a  Noa«l ?,MostLikely
Qui est le plus susceptible d'etre cliniquement deprime ?,MostLikely
Qui a le plus de chances d'etre un mauvais flic ?,MostLikely
Qui a le plus de chances de se faire greffer un visage ?,MostLikely
Qui a le plus de chances d'etre un extraterrestre ?,MostLikely
Qui est le plus susceptible d'etre victime d'une fraude ?,MostLikely
Qui est le plus susceptible d'eviter ses problemes de vie en faisant la fete a  outrance ?,MostLikely
Qui est le plus susceptible de pleurer en etat d'ebriete ?,MostLikely
Qui est le plus susceptible d'attraper une MST ?,MostLikely
Qui est le plus susceptible de bander a  la table du petit-dejeuner avec sa famille ?,MostLikely
La taille a-t-elle une importance ?,HotTruth
Quand vous etes-vous masturbe pour la derniere fois ?,HotTruth
Quand vous etes-vous masturbe pour la premiere fois ?,HotTruth
Quelles sont les limites que vous ne pouvez pas franchir au lit ?,HotTruth
Quel est le geste sexuel emblematique que vous faites mieux que n'importe qui d'autre ?,HotTruth
Quelle est la chose la plus aventureuse que vous aimeriez que l'on vous fasse ?,HotTruth
Faire quatre roues de charrette d'affilee.,DareDebout
"Jouer le ra´le de Romeo dans ""Romeo et Juliette"" (choisissez la personne que vous voulez voir jouer le ra´le de Juliette).",DareDebout
Leche le mur ou la table. a€ vous de choisir.,DareDebout
Se plier en bretzel.,DareDebout
Utilisez votre pantalon comme chemise et votre chemise comme pantalon. Mettez vos chaussettes sur vos mains et courez pendant 30 secondes.,DareDebout
Embrassez tous les animaux de la piece.,DareDebout
Faites faire le tour de la salle a  un membre du groupe en le prenant a  dos de cochon.,DareDebout
Faire 50 sauts d'obstacles.,DareDebout
Se lever et faire un discours politique devant les autres joueurs.,DareDebout
Essayer de jongler avec trois objets trouves dans cette piece.,DareDebout
Lecher un savon.,DareDebout
"En talons hauts, faire un strip-tease pour le groupe.",DareHot
"Faites tourner la bouteille (ou tout autre objet). Quelle que soit la personne sur laquelle elle tombe, vous devez lui enlever sa chemise en vous servant uniquement de vos dents.",DareHot
Parier avec quelqu'un sur une gifle.,DareHot
Sucez le doigt de la personne a  votre droite.,DareHot
"Faire un strip-tease sexy, en n'enlevant que ses chaussettes.",DareHot
Faire un massage des pieds,DareHot
Faire un sua§on a  l'un des joueurs.,DareHot
"Faire une partie du jeu ""Kiss - Fuck - Marry"".",DareHot
"Prenez un bonbon, mettez-le dans votre bouche et essayez de le deballer avec un autre joueur.",DareHot
Frottez les jambes du joueur de gauche avec les va´tres.,DareHot
Embrassez tous les animaux de la piece.,DareHot
"Les yeux bandes, tourner sur soi-meme pendant 10 secondes, embrasser la personne devant soi a  la fin de la rotation.",DareHot
Donnez une fessee au joueur qui a les fesses a  droite.,DareHot
Embrassez le joueur devant votre oreille.,DareHot
Avoir les yeux bandes et etre chatouille pendant une minute.,DareHot
Prendre de la poudre et frapper la personne a  votre gauche sur la joue.,DareHot
Mettre de la creme fouettee sur le nez de quelqu'un et l'embrasser pour nettoyer.,DareHot
Embrasser deux autres joueurs de votre choix sur la bouche.,DareHot
Massez les epaules de votre voisin.,DareHot
Mettre du savon sur sa langue,DareAssis
Realiser un tir sans utiliser ses mains.,DareAssis
Faire une imitation de quelqu'un jusqu'a  ce qu'un autre joueur puisse deviner qui vous etes,DareAssis
Reciter la table de multiplication de 2,DareAssis
Raconter la blague la plus choquante que vous connaissez.,DareAssis
Lancer une fausse rumeur sur un autre joueur et l'envoyer par SMS a  l'un de vos amis.,DareAssis
Manger une cuillere de sauce piquante,DareAssis
Poses une cuillere en equilibre sur son nez pendant 10 secondes.,DareAssis
Racontes des blagues jusqu'a  ce que tous les joueurs rient.,DareAssis
"Dites ""ya heard meh"" apres tout ce que vous dites pendant les 5 prochaines minutes.",Rules
"Appelez le joueur le plus a¢ge ""Votre Majeste"" pendant 5 tours.",Rules
Quelle est la chose que tu trouves le plus mignon chez la personne a  ta gauche ?,MidTruth
Who is the most dramatic person in the group?,
Who is most likely to enjoy eating raw meat?,
Who is most likely to feed and adopt stray animals?,
Who is most likely to go on spontaneous road trips?,
Who is most likely to be a gambler?,
Who is most likely to donate their entire salary or money to charity?,
Who is most likely to have a one-night stand?,
Who is most likely to enjoy skinny dipping?,
Who is most likely to be in a friend-with-benefits situation?,
What is the craziest thing you've done to try and impress someone?,
"Who do you think is the most annoying person in this room, and why?",
Rate yourself from 1-10 on how attractive you think you are!,
Would you like to cuddle with the person on your left?,
"Are you into toys for adults? If yes, what is your favorite one?",
What is the worst cheating story you've ever heard?,
How and when was your first time?,
What is the question you're most afraid to answer honestly?,
Who would you choose if you had to murder three people in the world?,
What is the most exciting dream you have ever had?,
Point to two people in the room who will most likely make out by the night's end!,
Have you ever worn the same clothes for over three days?,
Would you prefer to date someone younger or older than you?,
What is your worst date experience so far?,
Would you ever consider having an open relationship?,
Describe the most romantic date you've ever had.,
How can someone earn your forgiveness if they have wronged you in the past?,
What are some of your biggest fears regarding dating and relationships?,
What lies have you told that hurt someone?,
What lies you discovered and hurt you?,
"What is the one thing you would never give up, no matter what?",
Where is the weirdest place you've ever done something naughty?,
What was the most intimate experience you've ever had with someone in this room?,
What is an instant deal breaker for you?,
See how many ice cubes you can fit in your mouth.,
Kiss one player of your choice for 5 minutes.,
Choose a player and smell their feet for 10 seconds.,
Pair up with another player. You are now a couple for the rest of the night.,Rules
Show everything that is in your purse or backpack.,
Drink a shot from the player's belly button on your left!,
Give another player a foot massage using only your feet.,
Pole dance with an imaginary pole.,
Speak like a gangster for the next 5 minutes.,Rules
Recreate the best kiss you've ever had with one player of your choice.,
Imitate your favorite emoji.,
Demonstrate how you want to be kissed.,
Never have I ever ghosted someone.,
Never have I ever liked someone who didn't like me back.,
Never have I ever attended a concert in person.,
